<?xml version="1.0" encoding="UTF-8"?>
<project-private xmlns="http://www.netbeans.org/ns/project-private/1">
    <editor-bookmarks xmlns="http://www.netbeans.org/ns/editor-bookmarks/2" lastBookmarkId="0"/>
    <open-files xmlns="http://www.netbeans.org/ns/projectui-open-files/2">
        <group>
            <file>file:/C:/Users/nicol/Coding/Faculdade/AlgoritimosDeOrdenacao/src/utils/Converte.java</file>
            <file>file:/C:/Users/nicol/Coding/Faculdade/AlgoritimosDeOrdenacao/src/utils/Configura.java</file>
            <file>file:/C:/Users/nicol/Coding/Faculdade/AlgoritimosDeOrdenacao/src/model/Vetor.java</file>
            <file>file:/C:/Users/nicol/Coding/Faculdade/AlgoritimosDeOrdenacao/src/view/ProgramaPrincipal.java</file>
            <file>file:/C:/Users/nicol/Coding/Faculdade/AlgoritimosDeOrdenacao/src/controller/Main.java</file>
        </group>
    </open-files>
</project-private>
